{
	"credit": "Made with Blockbench",
	"textures": {
		"0": "entity/armorstand/item_block1",
		"1": "entity/armorstand/item_block2",
		"2": "entity/armorstand/item_block3",
		"3": "entity/armorstand/item_block4",
		"particle": "entity/armorstand/item_block1"
	},
	"elements": [
		{
			"from": [0, 4, 0],
			"to": [16, 20, 16],
			"rotation": {"angle": 22.5, "axis": "x", "origin": [8, 12, 8]},
			"faces": {
				"north": {"uv": [0, 0, 16, 16], "texture": "#2"},
				"east": {"uv": [0, 0, 16, 16], "texture": "#1"},
				"south": {"uv": [0, 0, 16, 16], "texture": "#2"},
				"west": {"uv": [0, 0, 16, 16], "texture": "#1"},
				"up": {"uv": [0, 0, 16, 16], "texture": "#0"},
				"down": {"uv": [0, 0, 16, 16], "texture": "#0"}
			}
		},
		{
			"from": [8, 5, 2],
			"to": [8, 17, 14],
			"rotation": {"angle": 0, "axis": "x", "origin": [8, 11, 8]},
			"faces": {
				"north": {"uv": [0, 0, 0, 12], "texture": "#missing"},
				"east": {"uv": [12.373, 12.8, 16, 16], "texture": "#3"},
				"south": {"uv": [0, 0, 0, 12], "texture": "#missing"},
				"west": {"uv": [0, 0, 16, 16], "texture": "#3"},
				"up": {"uv": [0, 0, 0, 12], "texture": "#missing"},
				"down": {"uv": [0, 0, 0, 12], "texture": "#missing"}
			}
		}
	],
	"display": {
		"thirdperson_righthand": {
			"scale": [0.25, 0.25, 0.25]
		},
		"thirdperson_lefthand": {
			"scale": [0.25, 0.25, 0.25]
		},
		"firstperson_righthand": {
			"scale": [0.25, 0.25, 0.25]
		},
		"firstperson_lefthand": {
			"scale": [0.25, 0.25, 0.25]
		},
		"ground": {
			"translation": [0, 8, 0]
		},
		"gui": {
			"rotation": [-23, 0, 0],
			"translation": [0, -3.75, 0]
		},
		"head": {
			"rotation": [-22.5, 0, 0],
			"translation": [0, -3.25, 1.5]
		},
		"fixed": {
			"rotation": [-22.5, 0, 0],
			"translation": [0, -4, 6.5]
		}
	}
}